{
  "ot": 0.44457346200942993,
  "tp": 1091.0,
  "tn": 10060.0,
  "fp": 2701.0,
  "fn": 301.0,
  "acc": 78.78894933936267,
  "sen": 78.3764367816092,
  "spec": 78.83394718282267,
  "f1": 42.09104938271605,
  "auc": 86.59419482132611
}
