{
  "ot": 0.506767749786377,
  "tp": 1062.0,
  "tn": 10033.0,
  "fp": 2765.0,
  "fn": 293.0,
  "acc": 78.39327351091642,
  "sen": 78.37638376383764,
  "spec": 78.39506172839506,
  "f1": 40.98803550752605,
  "auc": 86.5719447630482
}
