{
  "ot": 0.545727014541626,
  "tp": 1062.0,
  "tn": 10059.0,
  "fp": 2739.0,
  "fn": 293.0,
  "acc": 78.57698014555218,
  "sen": 78.37638376383764,
  "spec": 78.59821847163619,
  "f1": 41.19472459270752,
  "auc": 86.57458874166801
}
