{
  "ot": 0.5061769485473633,
  "tp": 1066.0,
  "tn": 10000.0,
  "fp": 2798.0,
  "fn": 289.0,
  "acc": 78.18836995689959,
  "sen": 78.67158671586716,
  "spec": 78.1372089388967,
  "f1": 40.850737689212494,
  "auc": 86.27678794368816
}
