{
  "ot": 0.48074883222579956,
  "tp": 1052.0,
  "tn": 10079.0,
  "fp": 2730.0,
  "fn": 292.0,
  "acc": 78.64763654348901,
  "sen": 78.27380952380952,
  "spec": 78.6868608009993,
  "f1": 41.045649629340616,
  "auc": 86.99383385565952
}
