{
  "ot": 0.4691489040851593,
  "tp": 1051.0,
  "tn": 10107.0,
  "fp": 2714.0,
  "fn": 281.0,
  "acc": 78.83840881791846,
  "sen": 78.90390390390391,
  "spec": 78.83160439903284,
  "f1": 41.23994506572494,
  "auc": 87.07011746166258
}
