{
  "ot": 0.5185400247573853,
  "tp": 1081.0,
  "tn": 10110.0,
  "fp": 2662.0,
  "fn": 300.0,
  "acc": 79.07157493111,
  "sen": 78.27661115133961,
  "spec": 79.15753210147197,
  "f1": 42.1935987509758,
  "auc": 86.72085570059232
}
