{
  "ot": 0.49160826206207275,
  "tp": 1057.0,
  "tn": 10107.0,
  "fp": 2703.0,
  "fn": 286.0,
  "acc": 78.88080265668056,
  "sen": 78.70439314966492,
  "spec": 78.89929742388759,
  "f1": 41.426611796982165,
  "auc": 86.37612671131953
}
