{
  "ot": 0.5183378458023071,
  "tp": 1107.0,
  "tn": 10080.0,
  "fp": 2658.0,
  "fn": 308.0,
  "acc": 79.04331237193527,
  "sen": 78.23321554770318,
  "spec": 79.1333019312294,
  "f1": 42.74131274131274,
  "auc": 86.57039092290562
}
