{
  "ot": 0.5025212168693542,
  "tp": 1068.0,
  "tn": 10220.0,
  "fp": 2573.0,
  "fn": 292.0,
  "acc": 79.75694199109729,
  "sen": 78.52941176470588,
  "spec": 79.88743844289846,
  "f1": 42.71145770845831,
  "auc": 87.40380481513327
}
