{
  "ot": 0.5208495259284973,
  "tp": 1098.0,
  "tn": 10058.0,
  "fp": 2685.0,
  "fn": 312.0,
  "acc": 78.8242775383311,
  "sen": 77.87234042553192,
  "spec": 78.92960841246175,
  "f1": 42.287694974003465,
  "auc": 86.75579361329235
}
