{
  "ot": 0.49842244386672974,
  "tp": 1905.0,
  "tn": 14784.0,
  "fp": 3549.0,
  "fn": 446.0,
  "acc": 80.68555405144073,
  "precision": 34.92849284928493,
  "recall": 81.02934921310082,
  "sen": 81.02934921310082,
  "spec": 80.64146620847652,
  "f1": 48.814862267777066,
  "auc": 88.58590669708552
}
