{
  "ot": 0.4730522036552429,
  "tp": 1827.0,
  "tn": 14922.0,
  "fp": 3483.0,
  "fn": 452.0,
  "acc": 80.97563333977953,
  "sen": 80.16673979815708,
  "spec": 81.0757946210269,
  "f1": 48.14863618395045,
  "auc": 88.49204654810424
}
