{
  "ot": 0.49826812744140625,
  "tp": 1758.0,
  "tn": 15425.0,
  "fp": 2929.0,
  "fn": 572.0,
  "acc": 83.07387352543029,
  "precision": 37.50800085342436,
  "recall": 75.45064377682404,
  "sen": 75.45064377682404,
  "spec": 84.04162580363953,
  "f1": 50.106883283454465,
  "auc": 87.96891229753803
}
