{
  "ot": 0.4007521867752075,
  "tp": 1811.0,
  "tn": 14886.0,
  "fp": 3534.0,
  "fn": 453.0,
  "acc": 80.7242312898859,
  "sen": 79.99116607773851,
  "spec": 80.814332247557,
  "f1": 47.60152451044815,
  "auc": 88.57600841956238
}
