{
  "ot": 0.4109368920326233,
  "tp": 1840.0,
  "tn": 14882.0,
  "fp": 3507.0,
  "fn": 455.0,
  "acc": 80.84509766002708,
  "sen": 80.17429193899783,
  "spec": 80.92881614008374,
  "f1": 48.154933263543576,
  "auc": 88.54126940290983
}
