{
  "ot": 0.2806817889213562,
  "tp": 1855.0,
  "tn": 14753.0,
  "fp": 3622.0,
  "fn": 454.0,
  "acc": 80.29394701218332,
  "sen": 80.33780857514076,
  "spec": 80.28843537414966,
  "f1": 47.649627536604164,
  "auc": 88.07807602902574
}
