{
  "ot": 0.36693745851516724,
  "tp": 1859.0,
  "tn": 14799.0,
  "fp": 3536.0,
  "fn": 490.0,
  "acc": 80.53567975246567,
  "sen": 79.14005959982971,
  "spec": 80.71448050177257,
  "f1": 48.01136363636363,
  "auc": 88.09738183559999
}
