{
  "ot": 0.4897649586200714,
  "tp": 1056.0,
  "tn": 9978.0,
  "fp": 2820.0,
  "fn": 299.0,
  "acc": 77.96226948350173,
  "sen": 77.93357933579335,
  "spec": 77.96530707923112,
  "f1": 40.374689351940354,
  "auc": 86.13595355362835
}
