{
  "ot": 0.5085046291351318,
  "tp": 1066.0,
  "tn": 10082.0,
  "fp": 2716.0,
  "fn": 289.0,
  "acc": 78.76775241998163,
  "sen": 78.67158671586716,
  "spec": 78.77793405219566,
  "f1": 41.502822659139575,
  "auc": 86.64506504418068
}
