{
  "ot": 0.46652036905288696,
  "tp": 1057.0,
  "tn": 10028.0,
  "fp": 2770.0,
  "fn": 298.0,
  "acc": 78.32261711297959,
  "sen": 78.00738007380073,
  "spec": 78.35599312392561,
  "f1": 40.79505982246237,
  "auc": 86.3611040470461
}
