{
  "ot": 0.533014178276062,
  "tp": 1056.0,
  "tn": 9987.0,
  "fp": 2811.0,
  "fn": 299.0,
  "acc": 78.02586024164488,
  "sen": 77.93357933579335,
  "spec": 78.03563056727614,
  "f1": 40.444274224435084,
  "auc": 86.1272517788469
}
