{
  "ot": 0.3759329915046692,
  "tp": 1820.0,
  "tn": 14878.0,
  "fp": 3520.0,
  "fn": 466.0,
  "acc": 80.72906594469156,
  "sen": 79.61504811898513,
  "spec": 80.86748559626047,
  "f1": 47.73144505638605,
  "auc": 88.40220184456507
}
