{
  "ot": 0.5197519063949585,
  "tp": 1882.0,
  "tn": 14987.0,
  "fp": 3317.0,
  "fn": 498.0,
  "acc": 81.55579191645717,
  "precision": 36.199269090209654,
  "recall": 79.07563025210084,
  "sen": 79.07563025210084,
  "spec": 81.87827797202797,
  "f1": 49.66354400316664,
  "auc": 88.34869404492565
}
