{
  "ot": 0.5051618814468384,
  "tp": 1857.0,
  "tn": 14554.0,
  "fp": 3790.0,
  "fn": 483.0,
  "acc": 79.34152001547089,
  "precision": 32.884717549141136,
  "recall": 79.35897435897436,
  "sen": 79.35897435897436,
  "spec": 79.3392935019625,
  "f1": 46.50056341555027,
  "auc": 87.73355292585013
}
