{
    "age": {
        "x1": 1.7704408817636375,
        "x2": 73.65034068136296,
        "max_density": 0.02963174410469253,
        "max_density_point": 35.408817635270545
    },
    "hgb": {
        "x1": 97.09274549098205,
        "x2": 164.66404809619226,
        "max_density": 0.03102830134653082,
        "max_density_point": 131.20641282565128
    },
    "rbc": {
        "x1": 3.5564248496993915,
        "x2": 5.537218436873765,
        "max_density": 0.9501985359163618,
        "max_density_point": 4.501803607214429
    },
    "mcv": {
        "x1": 72.50517234468934,
        "x2": 100.42641883767537,
        "max_density": 0.07828108584249922,
        "max_density_point": 90.0685370741483
    },
    "plt": {
        "x1": 128.2515030060112,
        "x2": 411.6262525050076,
        "max_density": 0.006372503715369821,
        "max_density_point": 244.28857715430863
    },
    "wbc": {
        "x1": 2.8372985971944065,
        "x2": 10.530180360721387,
        "max_density": 0.2379241707550607,
        "max_density_point": 5.850100200400801
    },
    "neut": {
        "x1": 34.453476953907725,
        "x2": 78.30335671342694,
        "max_density": 0.04004803902252077,
        "max_density_point": 56.947895791583164
    },
    "lymph": {
        "x1": 13.39452004007999,
        "x2": 52.287042084168114,
        "max_density": 0.04459224058327816,
        "max_density_point": 32.275951903807616
    },
    "eo": {
        "x1": -0.044825651302601445,
        "x2": 6.701434869739624,
        "max_density": 0.31711401509508913,
        "max_density_point": 1.4941883767535071
    },
    "baso": {
        "x1": -0.01785571142284586,
        "x2": 1.487975951903808,
        "max_density": 1.0576998824597474,
        "max_density_point": 0.3967935871743487
    },
    "mono": {
        "x1": 3.52222845691385,
        "x2": 12.447486973947848,
        "max_density": 0.20436082511503414,
        "max_density_point": 6.839278557114229
    },
    "ferritin": {
        "x1": 7.049916206369744e-15,
        "x2": 1381.1956476955402,
        "max_density": 0.010514915552118038,
        "max_density_point": 35.79154308617235
    }
}