{
    "age": {
        "x1": 0.058817635270539625,
        "x2": 75.80881763527053,
        "max_density": 0.02963174410469253,
        "max_density_point": 35.408817635270545
    },
    "hgb": {
        "x1": 91.60641282565128,
        "x2": 170.80641282565125,
        "max_density": 0.03102830134653082,
        "max_density_point": 131.20641282565128
    },
    "rbc": {
        "x1": 3.565803607214429,
        "x2": 5.905803607214429,
        "max_density": 0.9501985359163618,
        "max_density_point": 4.501803607214429
    },
    "mcv": {
        "x1": 74.4085370741483,
        "x2": 105.72853707414829,
        "max_density": 0.07828108584249922,
        "max_density_point": 90.0685370741483
    },
    "plt": {
        "x1": 111.78857715430863,
        "x2": 509.28857715430865,
        "max_density": 0.006372503715369821,
        "max_density_point": 244.28857715430863
    },
    "wbc": {
        "x1": -12.3948997995992,
        "x2": 24.0951002004008,
        "max_density": 0.2379241707550607,
        "max_density_point": 5.850100200400801
    },
    "neut": {
        "x1": 32.19789579158315,
        "x2": 76.74789579158318,
        "max_density": 0.04004803902252077,
        "max_density_point": 56.947895791583164
    },
    "lymph": {
        "x1": 13.215951903807614,
        "x2": 56.10095190380762,
        "max_density": 0.04459224058327816,
        "max_density_point": 32.275951903807616
    },
    "eo": {
        "x1": -3.1658116232464932,
        "x2": 10.814188376753506,
        "max_density": 0.31711401509508913,
        "max_density_point": 1.4941883767535071
    },
    "baso": {
        "x1": -4.553206412825651,
        "x2": 5.346793587174349,
        "max_density": 1.0576998824597474,
        "max_density_point": 0.3967935871743487
    },
    "mono": {
        "x1": 2.0992785571142285,
        "x2": 16.31927855711423,
        "max_density": 0.20436082511503414,
        "max_density_point": 6.839278557114229
    },
    "ferritin": {
        "x1": -856.9579569138277,
        "x2": 928.5410430861725,
        "max_density": 0.010514915552118038,
        "max_density_point": 35.79154308617235
    }
}