{
  "ot": 0.5006451606750488,
  "tp": 1105.0,
  "tn": 10088.0,
  "fp": 2671.0,
  "fn": 289.0,
  "acc": 79.08570621069738,
  "sen": 79.26829268292683,
  "spec": 79.06575750450662,
  "f1": 42.74661508704062,
  "auc": 87.10875930490678
}
