{
  "ot": 0.4982653856277466,
  "tp": 1120.0,
  "tn": 10018.0,
  "fp": 2697.0,
  "fn": 318.0,
  "acc": 78.69709602204479,
  "sen": 77.88595271210013,
  "spec": 78.78883208808494,
  "f1": 42.62607040913416,
  "auc": 86.40727470812182
}
