{
  "ot": 0.3754962384700775,
  "tp": 1067.0,
  "tn": 9928.0,
  "fp": 2827.0,
  "fn": 331.0,
  "acc": 77.68670953154808,
  "sen": 76.32331902718168,
  "spec": 77.83614268914151,
  "f1": 40.32501889644747,
  "auc": 85.69275478381225
}
