{
  "ot": 0.39389505982398987,
  "tp": 1018.0,
  "tn": 10020.0,
  "fp": 2793.0,
  "fn": 322.0,
  "acc": 77.99053204267646,
  "sen": 75.97014925373135,
  "spec": 78.20182627019433,
  "f1": 39.526305571733644,
  "auc": 85.66058142907565
}
