{
    "ot": 0.3745909333229065,
    "tp": 1056.0,
    "tn": 10036.0,
    "fp": 2748.0,
    "fn": 313.0,
    "acc": 78.37207659153536,
    "sen": 77.13659605551497,
    "spec": 78.50438047559449,
    "f1": 40.82737289773826,
    "auc": 86.06617761336075
}