{
  "ot": 0.3695068955421448,
  "tp": 1057.0,
  "tn": 10016.0,
  "fp": 2751.0,
  "fn": 329.0,
  "acc": 78.23782943545538,
  "sen": 76.26262626262626,
  "spec": 78.45225973212187,
  "f1": 40.700808625336926,
  "auc": 85.77340390217337
}
