{
  "ot": 0.5437595248222351,
  "tp": 1051.0,
  "tn": 10077.0,
  "fp": 2719.0,
  "fn": 306.0,
  "acc": 78.62643962410796,
  "sen": 77.45025792188652,
  "spec": 78.75117224132542,
  "f1": 40.9986346791496,
  "auc": 86.04069632574476
}
