{
  "ot": 0.4812154173851013,
  "tp": 1057.0,
  "tn": 10398.0,
  "fp": 2359.0,
  "fn": 339.0,
  "acc": 80.93690383664241,
  "sen": 75.7163323782235,
  "spec": 81.50819158109273,
  "f1": 43.93183707398171,
  "auc": 86.19277061888377
}
