{
  "ot": 0.48407450318336487,
  "tp": 1066.0,
  "tn": 10055.0,
  "fp": 2743.0,
  "fn": 289.0,
  "acc": 78.57698014555218,
  "sen": 78.67158671586716,
  "spec": 78.56696358806063,
  "f1": 41.2858249419055,
  "auc": 86.55080158396521
}
