{
  "ot": 0.4920571744441986,
  "tp": 1010.0,
  "tn": 10179.0,
  "fp": 2675.0,
  "fn": 289.0,
  "acc": 79.05744365152265,
  "sen": 77.75211701308699,
  "spec": 79.18935739847518,
  "f1": 40.52969502407705,
  "auc": 86.51149110762873
}
